claim_id,claim,theorem_or_lemma,proof_or_checker,source_or_test,experiment,figure_or_table,raw_result,maturity,fresh_recheck,limitation
T1,Allocation equivalence is sufficient for equal exact observations under every well-typed continuation,Theorem 3.5; Lemmas 3.1-3.4,proofs/full_abstraction.md Sections 3-4,proofs/semantics.md,not applicable,Paper Section 3,not applicable,proved on the declared mathematical model,paper proof and normative semantics reconciled after final campaign,No C/LLVM or executable-interpreter correspondence
T2,Allocation equivalence is necessary for universal switching; every violation has a state-dependent distinguishing continuation of at most two commands,Constructive distinction lemma; exact/maximal relation theorem,proofs/full_abstraction.md Sections 5-6,src/contextual.py; src/check_full_abstraction.py,36-state base audit plus three directional controls,Paper Section 3; finite-basis subsection; witness table,results/full_abstraction_reconciliation.json,proved plus finite-checked state-dependent witness constructor,"1,296 ordered base pairs plus three named controls; all 1,262 unrelated pairs distinguished with maximum length two",The two-command witness may use a literal selected after inspecting the states and is not the fixed state-independent basis
T13,"For a fixed name interface and global capacity bound B, the empty continuation, persistent-register emissions, and eight fixed bit probes per object cell form a complete state-independent basis with 1+|R|+8B|O| tests",Finite complete basis theorem,proofs/full_abstraction.md Section 6; paper reviewer-hardening subsection,src/contextual.py; src/check_full_abstraction.py; tests/test_contextual.py,fixed-basis audit and exhaustive 256-byte signature check,Paper finite complete basis theorem; evaluation table,results/full_abstraction_reconciliation.json,proved on the declared language plus finite-checked probe implementation,"18 tests per pair for B=2,O=1,R=1; byte 2/3 control; 256 unique signatures and all 65,280 unequal byte pairs distinguished",Capacity is per-state immutable data bounded by B; probes use fresh locals and observe only status/fault plus emissions
T3,A prefix ending at the first NUL is not a universal switching relation,Constructive counterexample following Theorem 3.7,proofs/full_abstraction.md Section 6,"owned states [0,x,0] and overwrite-then-length continuation",primitive oracle; C062/C135 families,Paper Figure 2,results/primitive_oracle.json; results/branch_cases.csv,proved counterexample plus retained finite instances,negative tail example present in final result and paper,Not an allegation of a defect in an external engine
T4,Every byte question in the continuation-specific protocol concerns an input origin or a program literal,Lemma 5.1,proofs/arguments.md Section 2,proofs/semantics.md; src/branch_producer.py; src/branch_replay.py,not applicable,Paper Lemma 5.1,not applicable,proved on the declared grammar,"byte/scalar boundary rechecked in semantics, code, and paper",Fails if scalar-to-byte casts or new symbolic byte expressions are added
T5,A satisfiable finite unary/equality/order region has an exact deterministic least assignment,Lemmas 4.1-4.3,proofs/arguments.md Section 2,src/order_domain.py; independent region code in src/branch_replay.py,regional brute-force cross-check,Paper Section 4; Table 2,results/region_crosscheck.json,proved plus finite-checked,"384 instances and 11,292 assignments retained","Finite cross-check covers alphabet 0-3, not every 256-value region"
T6,Completed branch leaves are outcome-uniform and feasible children form a disjoint exhaustive partition,Lemmas 5.2 and Theorem 5.3,proofs/arguments.md Sections 3-4,src/branch_producer.py; src/branch_replay.py,166 complete certificate replays,Paper Section 5; Figure 4,results/final_reproduction.json,proved conditionally plus measured replay,all retained trees traversed and summaries reconciled,Conditional on the declared operational semantics and trusted Python replayer
T7,An accepted complete certificate establishes exact-outcome equivalence or the lexicographically least exact disagreement,Theorem 5.3; Corollary 5.5,proofs/arguments.md Section 4,src/branch_replay.py,166 complete certificate replays,Paper Section 5; Table 3,results/branch_cases.csv; certificates/branch/C001.json-C166.json,conditional theorem plus retained replay evidence,certificate-derived totals rechecked by inspect_packet.py,No claim for a partial tree or cap-exhausted case
T8,The same accepted tree separately decides accepting-input equality and each side's SAT status,Corollary 5.4,proofs/arguments.md Section 4,src/branch_replay.py,166 complete certificate replays,Paper Section 5; Appendix J,results/branch_cases.csv,conditional theorem plus retained replay evidence,acceptance and SAT summaries reconciled after final run,These quotients are weaker than exact outcomes and must not be promoted
T9,"Exact outcomes imply accepting-set equality, which implies equal SAT status, and neither converse holds",Proposition J.1,paper Appendix J,"retained cases C062, C073, and C135",completed certificate campaign,Paper Table 13,results/branch_cases.csv,proved implication chain plus finite strictness witnesses,case rows and certificates rechecked,Strictness witnesses are within the declared bounded language
T10,The weighted order-pattern baseline transports primitive results and gives exact class weights and minima,Propositions 6.1-6.2,paper Section 6; proofs/arguments.md,src/primitive_oracle.py,two-byte exhaustive primitive oracle,Paper Section 6; Table 2,results/primitive_oracle.json,proved baseline plus exhaustive selected oracle,"65,536 assignments and 20 canonical rows retained",Only the selected primitive composition; not the adaptive certificate algorithm
T11,"Without operational caps, the finite branch procedure terminates and decides an admitted paired case",Appendix H termination and completeness argument,proofs/arguments.md Section 5; paper Appendix H,mathematical finite-tree construction,not applicable,Paper Appendix H,not applicable,proved on the uncapped abstract procedure,argument checked after final C167 negative control,Worst-case bound is exponential; delivered implementation has caps
T12,Operational cap exhaustion yields UNKNOWN and no semantic verdict,Appendix H operational policy,proofs/arguments.md Sections 5-6,run_fanout_control.py; src/branch_producer.py,C167 node-cap control,Paper Section 7; Appendix H,results/fanout_control.json,proved policy plus measured negative instance,C167 result rechecked as unknown_resource_exhaustion,"No equivalence, difference, acceptance, SAT, or minimum-witness conclusion for C167"
E1,The final campaign materialized exactly 167 deterministic owned case schemas,not applicable,reproduce.py; src/make_cases.py; src/make_large_cases.py,cases/C001.json-C167.json,final case-regeneration comparison,Paper Appendix I,results/final_reproduction.json,measured structural equality,inspect_packet.py rechecked exact C001-C167 set,Synthetic schemas only
E2,"The original batch checked C001-C166 in one process before retaining files; later audits re-read files in their process; the isolated campaign serialized and re-read all 166 in one campaign process, with only C135 additionally replayed by an independent CLI process",not applicable,historical final_reproduction.json; src/final_audit.py; src/final_clean_extract_audit.py; reproduce.py; src/branch_replay.py,cases/C001.json-C166.json; certificates/branch/C001.json-C166.json; isolated campaign output,"original batch, later file-based audits, and isolated campaign",Paper process-mode paragraph and artifact appendix,results/final_reproduction.json; results/final_continuation_audit.json; results/final_clean_extract_audit.json; results/isolated_campaign_acceptance.json,retained historical evidence plus post-repair isolated campaign,all 166 generated certificates serialized and re-read in one campaign process; C135 independent CLI smoke passed with four regional calls and one top-level check,No claim that every certificate was replayed in a fresh process; C166 was not fully replayed in the budget-closing continuation audit
E3,"The 166 completed certificates contain 9,986 nodes, 6,281 leaves, 1,281 closed infeasible branches, and 1,243,986 serialized bytes",not applicable,inspect_packet.py structural recomputation,certificates/branch/C001.json-C166.json,final certificate campaign,Paper Table 3; Table 10,results/final_reproduction.json,measured and structurally recomputed,fresh static packet inspection,Synthetic case distribution is highly concentrated; C166 dominates nodes and bytes
E4,The completed cases comprise 150 exact-outcome equivalences and 16 checked differences,not applicable,src/branch_replay.py; inspect_packet.py,certificates/branch/C001.json-C166.json,final certificate campaign,Paper Table 3; Table 9,results/branch_cases.csv,measured and replayed,fresh certificate/CSV consistency check,"Expected labels were authored case metadata, not held-out statistical labels"
E5,"The primitive oracle evaluated all 65,536 assignments to two bytes, formed 20 canonical patterns, and observed zero selected semantic or transport mismatches",not applicable,src/primitive_oracle.py,owned two-byte primitive schema,final primitive oracle,Paper Table 2,results/primitive_oracle.json,finite-checked,result JSON parsed and reconciled,No per-input trace retained; no inference to arbitrary programs
E6,"The repaired full-abstraction audit checks 1,296 ordered pairs over 36 fixed-capacity base states plus three named directional controls; 37 pairs are related and 1,262 are unrelated",not applicable,src/check_full_abstraction.py; src/contextual.py,"36-state base universe; capacity, initialization, and quotient controls",repaired fixed-basis and state-dependent witness audit,Paper evaluation table; Appendix constructive converse,results/full_abstraction_reconciliation.json,finite-checked implementation evidence,"18 fixed tests per pair; 23,382 pair/test comparisons; 1,262 witness comparisons; 49,294 single-side executions including the 2/3 control",Small constructed family; quantified theorem rests on the paper proof. The historical 222 field covered only related pairs under an obsolete six-test basis
E7,Producer-side and replayer-side region algorithms matched brute force on the original 384 four-value instances and on 320 fresh-seed instances,not applicable,src/check_regions.py,"seed 20260915, 384 instances; seed 20260916, 320 instances; alphabet 0-3",original and fresh regional cross-checks,Paper Table 2; Table 5,results/region_crosscheck.json; results/final_continuation_audit.json,finite-checked,"320/320 fresh instances matched; 9,872 assignments and 4,889 relation checks",Does not prove arbitrary Python execution or full-byte-space implementation correctness
E8,All 18 named certificate/parser mutations were rejected in both retained passes and form mutually exclusive groups of sizes 7/4/3/4,not applicable,src/check_mutations.py; strict JSON parser,C001 seed certificate and malformed JSON inputs,original and fresh mutation suites,Paper mutation table and appendix matrix,results/mutation_suite.json; results/final_continuation_audit.json; results/mutation_grouping.json,finite-checked negative controls,exact names and group membership reconciled; all 18 rejected twice,"Targeted mutations, not exhaustive parser hardening or denial-of-service security testing"
E9,"C167 retains a provisional schema default expected=""equivalent"" but returned unknown_resource_exhaustion at the 6,000-node cap after 6,055 producer regional calls",not applicable,run_fanout_control.py; reproduce.py reconciliation,cases/C167.json,fanout negative control,Paper Section 7; Appendix case boundary,results/fanout_control.json; results/C167_status_reconciliation.json,measured negative result with metadata/result separation,no C167 certificate; excluded from the 166 completed verdicts,"No equivalence, difference, acceptance, SAT, UNSAT, or least-witness conclusion for C167"
R1,"99,999/100,000 is a frozen historical obligation subledger ending with the five-case clean-extract replay; the later C135 CLI smoke adds five separate same-rule obligations, and the exact all-time total is unknown",not applicable,results reconciliation; inspect_packet.py,results/resource_accounting.csv; results/final_clean_extract_audit.json; results/documented_replay_smoke_accounting.json,historical ledger reconciliation and separate post-freeze smoke,Paper accounting scope table,results/accounting_scope_reconciliation.json; results/documented_replay_smoke_accounting.json,reconciled scoped accounting,"C135 command attributed as four regional calls plus one top-level check; same-rule lower bound 100,004","Later QA and repair actions were not uniformly instrumented, so no exact all-time obligation total is claimed"
R2,"Concrete assignments, state-pair/context comparisons, and single-side program executions are reported as separate units; the old 650,557 display is superseded as mixed and incomplete",not applicable,src/check_full_abstraction.py; results reconciliation; inspect_packet.py,original and continuation region/oracle records; full-abstraction records; continuation direct audit,unit-separated accounting reconciliation,Paper accounting scope table,results/accounting_scope_reconciliation.json; results/full_abstraction_reconciliation.json,reconciled unit-scoped accounting,"named assignment subtotal 567,397 excludes inherited undisaggregated 92,810; repaired audit has 49,294 single-side executions; 9,872 continuation region assignments disclosed",No all-time grand total is reconstructed because historical records mix units and repeated runs overlap
R3,Recorded CPU and RSS values describe specific retained processes only and are not a scientific performance result,not applicable,historical resource wrappers and isolated campaign platform record,retained process records; isolated campaign summary,resource provenance disclosure,Paper artifact/reproduction appendix,results/final_reproduction.json; results/isolated_campaign_acceptance.json,measured environment records,"isolated acceptance records CPython 3.13.5, Linux x86-64, one worker, standard-library implementation","No portability, throughput, solver dominance, or real-system performance claim"
B1,"No C, libc, LLVM, pointer-provenance, or undefined-behavior correspondence is established",not applicable,scope declaration,proofs/semantics.md,not applicable,Paper Sections 3 and 8; Appendix L,results/final_reproduction.json,explicit non-claim,"rechecked in abstract, conclusion, README, and state",External use must not imply C-level soundness
B2,No SMT-LIB string/bitvector translation correspondence or external solver result is established,not applicable,scope declaration,proofs/semantics.md; external_resources.csv,not applicable,Paper Sections 3 and 8; Appendix L,results/final_reproduction.json,explicit non-claim,"rechecked in abstract, conclusion, README, and state",Artifact uses no external SMT solver
B3,"The general proofs are ordinary mathematical arguments, not proof-assistant mechanization",not applicable,scope declaration,proofs/full_abstraction.md; proofs/arguments.md,not applicable,Paper abstract; Sections 1 and 8,results/final_reproduction.json,explicit maturity boundary,rechecked throughout final manuscript,Python implementation and paper semantics remain in the trust base
B4,"No real-program workload breadth, solver-performance dominance, deployed safety, parser-service security, independent human review, or publication acceptance is claimed",not applicable,scope and provenance declarations,README.md; CURRENT-STATE.md,not applicable,Paper Sections 7-9,not applicable,explicit non-claim,final packet review,Owned synthetic cases and internal research draft only
E10,"The budget-closing continuation audit added 8,608 counted obligations and 480,697 direct assignment checks, freshly replayed C001-C165, recomputed all 6,281 leaf minima, and rejected all 18 mutations",not applicable,src/final_audit.py; inspect_packet.py,"retained cases, certificates, fresh region seed 20260916",budget-closing continuation audit,Paper Table 5; resource table,results/final_continuation_audit.json,measured and reconciled continuation evidence,"embedded continuation JSON, resource CSV, and packet inspector agree",C166 full regional replay was excluded from the fresh pass to stay below the hard ceiling; direct leaf and sample checks do not replace it
E11,"The five-case clean-extract audit re-read and accepted C061, C062, C065, C162, and C163 in one process using 299 regional calls and five top-level checks",not applicable,src/final_clean_extract_audit.py; src/branch_replay.py,five retained certificate files from a clean extracted candidate archive,stratified clean-extract certificate replay,Paper accounting and evidence tables,results/final_clean_extract_audit.json,measured stratified replay,5/5 accepted; verdicts and minima matched retained statements,"Same-process five-case replay, not a second full campaign and not one fresh process per certificate"
E12,"A post-repair isolated campaign treated a disposable artifact copy as read-only, wrote all new outputs to a separate directory, preserved the scoped input digest, serialized and re-read all 166 generated certificates, closed generated result totals, and ran one C135 independent CLI smoke",not applicable,reproduce.py; merge_campaigns.py; isolated campaign validation,disposable read-only artifact copy and external campaign directory,isolated reproduction acceptance,Paper artifact/reproduction appendix,results/isolated_campaign_acceptance.json; external isolated campaign summary,measured post-repair reproduction,"input digest unchanged; 166 certificates and 166 rows; 9,986 nodes, 6,281 leaves, 1,281 closed branches; C167 UNKNOWN; C135 CLI smoke pass","Separate campaign accounting; not merged into the frozen historical 99,999 subledger"
L1,"The manuscript bibliography contains 48 unique entries, every entry is cited, and each has a DOI or official proceedings URL plus a recorded verification scope and role",not applicable,paper build; inspect_packet.py; results/reference_integrity_audit.json,paper/references.bib; results/reference_audit.csv,bibliographic structural and metadata audit,Paper related-work section and bibliography,results/reference_audit.csv; results/reference_integrity_audit.json,bibliographic metadata checked; selected closest and foundational works substantively read,"48 unique audit rows, all marked cited, 45 DOI entries and 3 official-proceedings URLs; retained scopes remain 20 substantive-section and 28 metadata/proceedings checks",Metadata audit is not an independent systematic review and does not imply every paper was read cover-to-cover
