name,scholarly_or_official_url,license,access_date,resource_type,acquisition_method,integration_mode,supported_claim,internals_modified,reading_scope
An Abstract Model of Certificate Translation,https://doi.org/10.1145/1985342.1985344,Citation/full text not redistributed; publisher terms apply,2026-09-15,TOPLAS calibration paper,DOI metadata and accessible author/publisher text,citation and narrative calibration,Certificate translation and proof-evidence transport predate this work,no,Full-paper structure and technical argument sampled; proof architecture and limitation placement recorded
A Relational Program Logic with Data Abstraction and Dynamic Framing,https://doi.org/10.1145/3551497,Citation/full text not redistributed; publisher terms apply,2026-09-15,TOPLAS calibration paper,DOI metadata and accessible full text,citation and narrative calibration,Long-form relational reasoning and data-abstraction presentation,no,"Full-paper structure, definitions, main theorems, examples, and related-work organization read"
"A Machine-Checked Model for a Java-Like Language, Virtual Machine, and Compiler",https://doi.org/10.1145/1146809.1146811,Citation/full text not redistributed; publisher terms apply,2026-09-15,TOPLAS calibration paper,DOI metadata and accessible full text,citation and narrative calibration,Mechanized semantic correspondence is stronger than ordinary paper proof,no,"Full-paper structure, semantic layers, proof organization, and validation discussion read"
Bounded Verification of Multi-threaded Programs via Lazy Sequentialization,https://doi.org/10.1145/3478536,Citation/full text not redistributed; publisher terms apply,2026-09-15,TOPLAS calibration paper,ACM Digital Library full article and DOI metadata,citation and narrative calibration,Bounded theorem plus implementation and evaluation pattern,no,"Full article read for translation, proof, implementation, evaluation, and nine-section narrative"
Program Transformations Using Temporal Logic Side Conditions,https://doi.org/10.1145/1516507.1516509,Citation/full text not redistributed; publisher terms apply,2026-09-15,TOPLAS calibration paper,DOI metadata and accessible full text,citation and narrative calibration,Transformation correctness through explicit side conditions,no,Full-paper structure and transformation-proof/evaluation balance read
Safe: A Semantic Technique for Transforming Programs in the Presence of Errors,https://doi.org/10.1145/200994.201002,Citation/full text not redistributed; publisher terms apply,2026-09-15,TOPLAS calibration paper,DOI metadata and accessible full text,citation and narrative calibration,Error observations must be included in transformation semantics,no,"Full paper read for motivation, semantics, transformation criterion, and examples"
Fractal Symbolic Analysis,https://doi.org/10.1145/945885.945888,Citation/full text not redistributed; publisher terms apply,2026-09-15,TOPLAS calibration paper,DOI metadata and accessible full text,citation and narrative calibration,Symbolic-analysis paper structure and empirical connection,no,"Full-paper structure, algorithm exposition, implementation, and evaluation roles read"
SHErrLoc: A Static Holistic Error Locator,https://doi.org/10.1145/3121137,Citation/full text not redistributed; publisher terms apply,2026-09-15,TOPLAS calibration paper,DOI metadata and accessible full text,narrative calibration only,Long-form tool paper with formal core and empirical validation,no,"Full-paper structure and division between method, algorithm, and evaluation read"
From Clarity to Efficiency for Distributed Algorithms,https://doi.org/10.1145/2994595,Citation/full text not redistributed; publisher terms apply,2026-09-15,TOPLAS calibration paper,DOI metadata and accessible full text,narrative calibration only,Correctness-preserving transformation narrative and proof layering,no,"Full-paper structure, theorem progression, examples, and performance evidence read"
Pattern-Based Verification for Multithreaded Programs,https://doi.org/10.1145/2629644,Citation/full text not redistributed; publisher terms apply,2026-09-15,TOPLAS calibration paper,DOI metadata and accessible full text,narrative calibration only,Decidability boundary and bounded verification presentation,no,"Full-paper structure, decidability argument, implementation, and limitations read"
Gradual C0: Symbolic Execution for Gradual Verification,https://doi.org/10.1145/3704808,Citation/full text not redistributed; publisher terms apply,2026-09-15,TOPLAS calibration paper,DOI metadata and accessible full text,citation and narrative calibration,Recent TOPLAS symbolic-execution presentation and artifact framing,no,"Full-paper structure, semantics, implementation, case studies, and boundary discussion read"
What's Decidable About Causally Consistent Shared Memory?,https://doi.org/10.1145/3505273,Citation/full text not redistributed; publisher terms apply,2026-09-15,TOPLAS calibration paper,ACM Digital Library article and DOI metadata,narrative calibration only,How TOPLAS presents exact decidability and non-decidability boundaries,no,"Full-paper structure, theorem map, lower/upper-bound narrative, and limitations read"
Proof of Correctness of Data Representations,https://doi.org/10.1007/BF00289507,Citation/full text not redistributed; publisher terms apply,2026-09-15,foundational paper,DOI metadata and accessible full text,citation,Relational representation independence and coupling,no,Complete short paper read
Symbolic Execution and Program Testing,https://doi.org/10.1145/360248.360252,Citation/full text not redistributed; publisher terms apply,2026-09-15,foundational paper,DOI metadata and accessible full text,citation,Historical symbolic-execution foundation,no,Complete article read
Abstract Interpretation: A Unified Lattice Model for Static Analysis of Programs by Construction or Approximation of Fixpoints,https://doi.org/10.1145/512950.512973,Citation/full text not redistributed; publisher terms apply,2026-09-15,foundational paper,DOI metadata and accessible full text,citation,Abstraction and sound approximation context,no,Complete conference paper read
Proof-Carrying Code,https://doi.org/10.1145/263699.263712,Citation/full text not redistributed; publisher terms apply,2026-09-15,foundational paper,DOI metadata and accessible full text,citation,Proof producer/checker separation and trust reduction,no,Complete conference paper read
Translation Validation,https://doi.org/10.1007/BFb0054170,Citation/full text not redistributed; publisher terms apply,2026-09-15,foundational paper,DOI metadata and accessible full text,citation,Validation of individual transformations rather than verified transformer,no,Complete conference paper read
Formal Verification of a Realistic Compiler,https://doi.org/10.1145/1538788.1538814,Citation/full text not redistributed; publisher terms apply,2026-09-15,influential paper,DOI metadata and accessible full text,citation,End-to-end compiler correspondence as a stronger future target,no,Complete article read
Integrating String Reasoning in Symbolic Execution of C Programs,https://link.springer.com/chapter/10.1007/978-3-032-22749-2_8,Publisher open-access article; no full-text redistribution,2026-09-14,closest adjacent paper,publisher HTML and author/publisher PDF,citation and closest-work comparison,"Hybrid string/bitvector representation, cvc5-checked rewrites, six-program evaluation",no,"Full substantive paper read; result, limits, byline, and empirical scope verified"
Enhancing Symbolic Execution with Machine-Checked Safety Proofs,https://doi.org/10.1145/3779031.3779089,CC BY 4.0 indicated by available record; no full-text redistribution,2026-09-14,adjacent paper,author PDF and publication record,citation and novelty adversary,Execution trees combined with Rocq safety proofs already exist,no,"Full paper read with focus on semantics, proof generation, theorem, and scope"
Towards Trustworthy Automated Program Verifiers: Formally Validating Translations into an Intermediate Verification Language,https://doi.org/10.1145/3656438,Citation/full text not redistributed; publisher terms apply,2026-09-14,adjacent paper,official record and accessible full text,citation and boundary comparison,Frontend-to-intermediate translation validation is a stronger correspondence target,no,"Full paper read with focus on translation validation, assumptions, and trust boundary"
The Cooperating Proof Calculus: Comprehensive Proofs for an SMT Solver,https://doi.org/10.1007/978-3-032-32526-6_9,Publisher open-access article; no full-text redistribution,2026-09-14,adjacent paper,publisher full text,citation and novelty adversary,Comprehensive proof calculus already covers broad SMT reasoning including relevant theories,no,"Full paper read with focus on calculus coverage, proof production, and checker boundary"
Ethos: A Fast Proof Checker for the Eunoia Logical Framework,https://doi.org/10.1007/978-3-032-32589-1_19,Publisher open-access article; no full-text redistribution,2026-09-14,adjacent paper,publisher/author full text,citation and novelty adversary,Generic proof checking and assertion binding already exist,no,"Full paper read with focus on checker architecture, validation, and performance scope"
Alethe: Towards a Generic SMT Proof Format,https://doi.org/10.4204/EPTCS.336.6,Open-access proceedings; no full-text redistribution,2026-09-14,adjacent proof-format paper,official EPTCS record and full text,citation,Generic SMT proof-format context,no,Complete workshop paper read
cvc5: A Versatile and Industrial-Strength SMT Solver,https://doi.org/10.1007/978-3-030-99524-9_24,Citation/full text not redistributed; publisher terms apply,2026-09-14,solver paper,publisher metadata and accessible full text,citation,External solver context only; solver not executed,no,Relevant architecture and proof/string-theory sections read
TOPLAS author guidelines,https://dl.acm.org/journal/toplas/author-guidelines,Official policy page; not redistributed,2026-09-15,venue rules,live direct access attempted; endpoint returned HTTP 403 in this environment,workflow evidence only,No numeric regular-paper maximum confirmed here; external submission remains a live-rule hold,no,Stored contract and search-visible metadata checked; direct page unavailable on 2026-09-15
ACM Master Article Submission Templates,https://www.acm.org/publications/authors/submissions,Official publisher resource; not redistributed,2026-09-15,template rules,live direct access attempted; matched user-supplied archive inspected,build-only input,Use supplied current acmart acmsmall family without class modification,no,"Template archive structure, class header, bibliography style, and license inspected"
ACM Policy on Authorship and generative AI FAQ,https://www.acm.org/publications/policies/frequently-asked-questions,Official policy page; not redistributed,2026-09-15,publication policy,live direct access attempted; current 2026 ACM venue pages used as corroborating policy references,workflow and provenance boundary,Substantive AI research use must be disclosed and authors remain accountable,no,Current policy wording cross-checked through ACM-hosted 2026 venue pages; direct central page returned 403
Supplied acmart journal template,user-supplied TEMPLATE(20260914-154112).zip,LPPL notice supplied with archive; generated class/style not modified,2026-09-15,build asset,local archive inspection and clean extraction,build-only explicit external input,Exact 50-page author-visible internal draft compiled with matched acmsmall class,no,acmart.cls and ACM-Reference-Format.bst inspected and used unchanged
Python standard library,https://docs.python.org/3/license.html,Python Software Foundation license; runtime not redistributed,2026-09-15,execution dependency,preinstalled runtime,standard-library imports only,"Bounded implementation, replay, finite checks, and packaging",no,No third-party scientific Python package installed or used
