id,family,variables,verdict,expected,nodes,leaves,closed_branches,max_predicates,reference_feasibility,candidate_feasibility,feasibility_verdict,least_input,producer_domain_calls,replayer_domain_calls,producer_cpu_seconds,replayer_cpu_seconds,certificate_bytes
C001,length,2,equivalent,equivalent,5,3,2,2,sat,sat,same_inputs,null,7,7,0.0,0.002830529000000137,906
C002,find_zero,2,equivalent,equivalent,5,3,2,2,sat,sat,same_inputs,null,7,7,0.0,0.0,927
C003,find_literal,2,equivalent,equivalent,11,6,5,4,sat,sat,same_inputs,null,16,16,0.0,0.00801020199999991,1408
C004,unsigned_compare,2,equivalent,equivalent,10,6,3,3,sat,sat,same_inputs,null,13,13,0.0,0.0040003799999999146,1374
C005,copy,2,equivalent,equivalent,5,3,2,2,sat,sat,same_inputs,null,7,7,0.0,0.0,1042
C006,concatenate,2,equivalent,equivalent,7,4,3,2,sat,sat,same_inputs,null,10,10,0.0,0.004027247000000234,1208
C007,overlap_move,2,equivalent,equivalent,5,3,2,2,sat,sat,same_inputs,null,7,7,0.0,0.003982128000000085,1052
C008,symbolic_offset,2,equivalent,equivalent,5,3,2,2,sat,sat,same_inputs,null,7,7,0.0,0.003967703999999905,1095
C009,high_mask,2,equivalent,equivalent,7,4,2,3,sat,sat,same_inputs,null,9,9,0.0,0.0,1267
C010,scalar_wrap,2,equivalent,equivalent,5,3,2,2,sat,sat,same_inputs,null,7,7,0.004009602000000001,0.0,1057
C011,length,2,equivalent,equivalent,5,3,2,2,sat,sat,same_inputs,null,7,7,0.0,0.003989859999999901,909
C012,find_zero,2,equivalent,equivalent,5,3,2,2,sat,sat,same_inputs,null,7,7,0.0,0.0,930
C013,find_literal,2,equivalent,equivalent,11,6,5,4,sat,sat,same_inputs,null,16,16,0.0,0.003998834999999978,1411
C014,unsigned_compare,2,equivalent,equivalent,10,6,3,3,sat,sat,same_inputs,null,13,13,0.004007898000000232,0.0,1380
C015,copy,2,equivalent,equivalent,5,3,2,2,sat,sat,same_inputs,null,7,7,0.004001197000000012,0.0,1047
C016,concatenate,2,equivalent,equivalent,7,4,3,2,sat,sat,same_inputs,null,10,10,0.0,0.003991413000000055,1214
C017,overlap_move,2,equivalent,equivalent,5,3,2,2,sat,sat,same_inputs,null,7,7,0.0,0.0,1055
C018,symbolic_offset,2,equivalent,equivalent,5,3,2,2,sat,sat,same_inputs,null,7,7,0.0,0.0040067979999998116,1098
C019,high_mask,2,equivalent,equivalent,7,4,2,3,sat,sat,same_inputs,null,9,9,0.0,0.004001419000000173,1270
C020,scalar_wrap,2,equivalent,equivalent,5,3,2,2,sat,sat,same_inputs,null,7,7,0.0,0.0,1060
C021,length,2,equivalent,equivalent,5,3,2,2,sat,sat,same_inputs,null,7,7,0.0,0.004000921999999907,921
C022,find_zero,2,equivalent,equivalent,5,3,2,2,sat,sat,same_inputs,null,7,7,0.0,0.0,942
C023,find_literal,2,equivalent,equivalent,11,6,5,4,sat,sat,same_inputs,null,16,16,0.004007290000000108,0.003991940999999777,1423
C024,unsigned_compare,2,equivalent,equivalent,10,6,3,3,sat,sat,same_inputs,null,13,13,0.0,0.003998713000000098,1404
C025,copy,2,equivalent,equivalent,5,3,2,2,sat,sat,same_inputs,null,7,7,0.0,0.0,1067
C026,concatenate,2,equivalent,equivalent,7,4,3,2,sat,sat,same_inputs,null,10,10,0.004007700999999919,0.0,1238
C027,overlap_move,2,equivalent,equivalent,5,3,2,2,sat,sat,same_inputs,null,7,7,0.0,0.003990969000000177,1067
C028,symbolic_offset,2,equivalent,equivalent,5,3,2,2,sat,sat,same_inputs,null,7,7,0.0,0.0,1110
C029,high_mask,2,equivalent,equivalent,7,4,2,3,sat,sat,same_inputs,null,9,9,0.0040019729999998255,0.0,1282
C030,scalar_wrap,2,equivalent,equivalent,5,3,2,2,sat,sat,same_inputs,null,7,7,0.0,0.00400034600000021,1072
C031,length,2,equivalent,equivalent,5,3,2,2,sat,sat,same_inputs,null,7,7,0.0,0.003991762999999704,945
C032,find_zero,2,equivalent,equivalent,5,3,2,2,sat,sat,same_inputs,null,7,7,0.0,0.0,966
C033,find_literal,2,equivalent,equivalent,11,6,5,4,sat,sat,same_inputs,null,16,16,0.0,0.004005626000000095,1447
C034,unsigned_compare,2,equivalent,equivalent,10,6,3,3,sat,sat,same_inputs,null,13,13,0.0040042900000001325,0.0,1452
C035,copy,2,equivalent,equivalent,5,3,2,2,sat,sat,same_inputs,null,7,7,0.004003951000000061,0.0,1107
C036,concatenate,2,equivalent,equivalent,7,4,3,2,sat,sat,same_inputs,null,10,10,0.0,0.003993834999999724,1286
C037,overlap_move,2,equivalent,equivalent,5,3,2,2,sat,sat,same_inputs,null,7,7,0.0,0.0,1091
C038,symbolic_offset,2,equivalent,equivalent,5,3,2,2,sat,sat,same_inputs,null,7,7,0.0,0.0,1134
C039,high_mask,2,equivalent,equivalent,7,4,2,3,sat,sat,same_inputs,null,9,9,0.0,0.003990948999999855,1306
C040,scalar_wrap,2,equivalent,equivalent,5,3,2,2,sat,sat,same_inputs,null,7,7,0.0,0.004074344000000174,1096
C041,length,2,equivalent,equivalent,5,3,2,2,sat,sat,same_inputs,null,7,7,0.0,0.0,993
C042,find_zero,2,equivalent,equivalent,5,3,2,2,sat,sat,same_inputs,null,7,7,0.0,0.0039191459999998735,1014
C043,find_literal,2,equivalent,equivalent,11,6,5,4,sat,sat,same_inputs,null,16,16,0.0,0.003998437000000354,1495
C044,unsigned_compare,2,equivalent,equivalent,10,6,3,3,sat,sat,same_inputs,null,13,13,0.0,0.004284226999999863,1548
C045,copy,2,equivalent,equivalent,5,3,2,2,sat,sat,same_inputs,null,7,7,0.0037210239999998507,0.0,1187
C046,concatenate,2,equivalent,equivalent,7,4,3,2,sat,sat,same_inputs,null,10,10,0.0,0.003995603999999986,1382
C047,overlap_move,2,equivalent,equivalent,5,3,2,2,sat,sat,same_inputs,null,7,7,0.0,0.0,1139
C048,symbolic_offset,2,equivalent,equivalent,5,3,2,2,sat,sat,same_inputs,null,7,7,0.00400970299999992,0.0,1182
C049,high_mask,2,equivalent,equivalent,7,4,2,3,sat,sat,same_inputs,null,9,9,0.0,0.0039914790000001865,1354
C050,scalar_wrap,2,equivalent,equivalent,5,3,2,2,sat,sat,same_inputs,null,7,7,0.0,0.0,1144
C051,length,2,equivalent,equivalent,5,3,2,2,sat,sat,same_inputs,null,7,7,0.0,0.004005574999999872,1089
C052,find_zero,2,equivalent,equivalent,5,3,2,2,sat,sat,same_inputs,null,7,7,0.0,0.0,1110
C053,find_literal,2,equivalent,equivalent,11,6,5,4,sat,sat,same_inputs,null,16,16,0.0,0.003989708999999841,1591
C054,unsigned_compare,2,equivalent,equivalent,10,6,3,3,sat,sat,same_inputs,null,13,13,0.0,0.0040016689999999855,1740
C055,copy,2,equivalent,equivalent,5,3,2,2,sat,sat,same_inputs,null,7,7,0.0,0.003998793000000056,1347
C056,concatenate,2,equivalent,equivalent,7,4,3,2,sat,sat,same_inputs,null,10,10,0.0,0.0,1574
C057,overlap_move,2,equivalent,equivalent,5,3,2,2,sat,sat,same_inputs,null,7,7,0.004007322000000091,0.0,1235
C058,symbolic_offset,2,equivalent,equivalent,5,3,2,2,sat,sat,same_inputs,null,7,7,0.0,0.003994068999999989,1278
C059,high_mask,2,equivalent,equivalent,7,4,2,3,sat,sat,same_inputs,null,9,9,0.0,0.0,1450
C060,scalar_wrap,2,equivalent,equivalent,5,3,2,2,sat,sat,same_inputs,null,7,7,0.0040114720000001824,0.0,1240
C061,erasure_read_only,1,equivalent,equivalent,1,1,0,0,sat,sat,same_inputs,null,1,1,0.0,0.0,598
C062,erasure_exposure,1,different,different,3,2,1,1,sat,sat,same_inputs,[1],4,4,0.0,0.003989981999999781,835
C063,erasure_repair,1,equivalent,equivalent,1,1,0,0,sat,sat,same_inputs,null,1,1,0.0,0.0,767
C064,omit_terminator_search,1,different,different,3,2,1,1,sat,sat,same_inputs,[0],4,4,0.0,0.0,751
C065,signed_order,2,different,different,31,20,3,5,sat,sat,same_inputs,"[0,128]",34,34,0.003998645999999884,0.013613561000000107,3025
C066,signed_order_guarded,2,equivalent,equivalent,14,8,3,5,sat,sat,same_inputs,null,17,17,0.006395577000000152,0.003986932999999748,2047
C067,omit_copy_terminator,1,different,different,3,2,1,1,sat,sat,same_inputs,[0],4,4,0.0,0.0,839
C068,omit_copy_redundant,1,equivalent,equivalent,3,2,1,1,sat,sat,same_inputs,null,4,4,0.0,0.0029755310000001423,841
C069,move_direction,2,different,different,5,3,2,2,sat,sat,same_inputs,"[1,0]",7,7,0.0,0.0,1008
C070,move_direction_disjoint,1,equivalent,equivalent,3,2,1,1,sat,sat,same_inputs,null,4,4,0.0,0.003999451999999959,850
C071,alias_invalidation,2,different,different,5,3,2,2,sat,sat,same_inputs,"[1,0]",7,7,0.0,0.0,1105
C072,guarded_rewrite,2,equivalent,equivalent,5,3,2,2,sat,sat,same_inputs,null,7,7,0.0,0.003998746999999803,1124
C073,dropped_guard,2,different,different,5,3,2,2,sat,sat,different_inputs,"[0,0]",7,7,0.0,0.0,1005
C074,unterminated_accepted,2,different,different,5,3,2,2,sat,sat,different_inputs,"[1,1]",7,7,0.0,0.004001912000000107,920
C075,uninitialized_tail,0,equivalent,equivalent,1,1,0,0,sat,sat,same_inputs,null,1,1,0.0,0.0,589
C076,uninitialized_prefix,0,equivalent,equivalent,1,1,0,0,unsat,unsat,same_inputs,null,1,1,0.0,0.0,623
C077,uninitialized_all,0,equivalent,equivalent,1,1,0,0,unsat,unsat,same_inputs,null,1,1,0.0,0.0,623
C078,move_bounds,0,equivalent,equivalent,1,1,0,0,sat,sat,same_inputs,null,1,1,0.0,0.0,672
C079,move_bounds,0,equivalent,equivalent,1,1,0,0,unsat,unsat,same_inputs,null,1,1,0.0,0.0,690
C080,move_bounds,0,equivalent,equivalent,1,1,0,0,unsat,unsat,same_inputs,null,1,1,0.0,0.0,690
C081,move_bounds,0,equivalent,equivalent,1,1,0,0,unsat,unsat,same_inputs,null,1,1,0.0,0.0,690
C082,scan_bounds,1,equivalent,equivalent,1,1,0,0,unsat,unsat,same_inputs,null,1,1,0.0,0.0,580
C083,scan_bounds,1,equivalent,equivalent,3,2,1,1,sat,sat,same_inputs,null,4,4,0.0,0.0,715
C084,scan_bounds,1,equivalent,equivalent,1,1,0,0,sat,sat,same_inputs,null,1,1,0.0,0.0,560
C085,scan_bounds,1,equivalent,equivalent,1,1,0,0,unsat,unsat,same_inputs,null,1,1,0.0,0.0,578
C086,scan_bounds,1,equivalent,equivalent,1,1,0,0,unsat,unsat,same_inputs,null,1,1,0.0,0.0,578
C087,scalar_width,1,equivalent,equivalent,3,2,1,1,sat,sat,same_inputs,null,4,4,0.0,0.0,880
C088,scalar_width,1,equivalent,equivalent,3,2,1,1,sat,sat,same_inputs,null,4,4,0.0,0.0,880
C089,scalar_width,1,equivalent,equivalent,3,2,1,1,sat,sat,same_inputs,null,4,4,0.004002959999999778,0.0,880
C090,scalar_width,1,equivalent,equivalent,3,2,1,1,sat,sat,same_inputs,null,4,4,0.0,0.0,882
C091,scalar_width,1,equivalent,equivalent,3,2,1,1,sat,sat,same_inputs,null,4,4,0.0,0.003989311999999856,880
C092,scalar_width,1,equivalent,equivalent,3,2,1,1,sat,sat,same_inputs,null,4,4,0.0,0.0,888
C093,scalar_width,1,equivalent,equivalent,3,2,1,1,sat,sat,same_inputs,null,4,4,0.0,0.0,880
C094,scalar_width,1,equivalent,equivalent,3,2,1,1,sat,sat,same_inputs,null,4,4,0.0,0.004004093000000264,882
C095,scalar_width,1,equivalent,equivalent,3,2,1,1,sat,sat,same_inputs,null,4,4,0.0,0.0,888
C096,scalar_width,1,equivalent,equivalent,3,2,1,1,sat,sat,same_inputs,null,4,4,0.0,0.0,900
C097,scalar_width,1,equivalent,equivalent,3,2,1,1,sat,sat,same_inputs,null,4,4,0.0,0.0,884
C098,scalar_width,1,equivalent,equivalent,3,2,1,1,sat,sat,same_inputs,null,4,4,0.0,0.0,886
C099,scalar_width,1,equivalent,equivalent,3,2,1,1,sat,sat,same_inputs,null,4,4,0.0,0.0,888
C100,scalar_width,1,equivalent,equivalent,3,2,1,1,sat,sat,same_inputs,null,4,4,0.0,0.0039868599999999255,920
C101,scalar_width,1,equivalent,equivalent,3,2,1,1,sat,sat,same_inputs,null,4,4,0.0,0.0,884
C102,scalar_width,1,equivalent,equivalent,3,2,1,1,sat,sat,same_inputs,null,4,4,0.0,0.0,886
C103,scalar_width,1,equivalent,equivalent,3,2,1,1,sat,sat,same_inputs,null,4,4,0.0,0.004001742999999891,888
C104,scalar_width,1,equivalent,equivalent,3,2,1,1,sat,sat,same_inputs,null,4,4,0.0,0.0,960
C105,scalar_width,1,equivalent,equivalent,3,2,1,1,sat,sat,same_inputs,null,4,4,0.0,0.0,884
C106,scalar_width,1,equivalent,equivalent,3,2,1,1,sat,sat,same_inputs,null,4,4,0.0,0.0039994720000002815,886
C107,low_bit_mask,1,equivalent,equivalent,5,3,1,2,sat,sat,same_inputs,null,6,6,0.0,0.0,1064
C108,support_scaling,1,equivalent,equivalent,3,2,1,1,sat,sat,same_inputs,null,4,4,0.004010969999999947,0.0,748
C109,strict_chain,1,equivalent,equivalent,3,2,1,1,sat,sat,same_inputs,null,4,4,0.0,0.0,999
C110,support_scaling,2,equivalent,equivalent,5,3,2,2,sat,sat,same_inputs,null,7,7,0.0,0.003986443000000062,921
C111,strict_chain,2,equivalent,equivalent,6,4,1,2,sat,sat,same_inputs,null,7,7,0.0,0.004759348999999968,1455
C112,support_scaling,3,equivalent,equivalent,7,4,3,3,sat,sat,same_inputs,null,10,10,0.0,0.0032333469999996645,1098
C113,strict_chain,3,equivalent,equivalent,9,6,1,3,sat,sat,same_inputs,null,10,10,0.0,0.09201364000000023,1919
C114,support_scaling,4,equivalent,equivalent,9,5,4,4,sat,sat,same_inputs,null,13,13,0.003997463000000145,0.0056152499999999606,1279
C115,strict_chain,4,equivalent,equivalent,12,8,1,4,sat,sat,same_inputs,null,13,13,0.0,0.006381846000000024,2393
C116,support_scaling,5,equivalent,equivalent,11,6,5,5,sat,sat,same_inputs,null,16,16,0.0,0.007950218999999592,1465
C117,strict_chain,5,equivalent,equivalent,15,10,1,5,sat,sat,same_inputs,null,16,16,0.004177945000000349,0.007833100000000037,2877
C118,support_scaling,6,equivalent,equivalent,13,7,6,6,sat,sat,same_inputs,null,19,19,0.0,0.0079879479999998,1656
C119,strict_chain,6,equivalent,equivalent,18,12,1,6,sat,sat,same_inputs,null,19,19,0.0,0.012008724000000193,3368
C120,copy_overlap,1,equivalent,equivalent,3,2,1,1,unsat,unsat,same_inputs,null,4,4,0.0,0.0,856
C121,copy_overlap,1,equivalent,equivalent,3,2,1,1,sat,sat,same_inputs,null,4,4,0.0,0.0,836
C122,copy_overlap,1,equivalent,equivalent,3,2,1,1,sat,sat,same_inputs,null,4,4,0.0,0.0,820
C123,copy_overlap,1,equivalent,equivalent,3,2,1,1,sat,sat,same_inputs,null,4,4,0.0,0.0,834
C124,last_byte_terminator,1,equivalent,equivalent,3,2,1,1,sat,sat,same_inputs,null,4,4,0.0,0.003989444999999758,896
C125,allocation_without_terminator,1,equivalent,equivalent,3,2,1,1,sat,sat,same_inputs,null,4,4,0.0,0.0,927
C126,last_byte_terminator,1,equivalent,equivalent,3,2,1,1,sat,sat,same_inputs,null,4,4,0.0,0.0,904
C127,allocation_without_terminator,1,equivalent,equivalent,3,2,1,1,sat,sat,same_inputs,null,4,4,0.0,0.0,935
C128,last_byte_terminator,1,equivalent,equivalent,3,2,1,1,sat,sat,same_inputs,null,4,4,0.0,0.0,924
C129,allocation_without_terminator,1,equivalent,equivalent,3,2,1,1,sat,sat,same_inputs,null,4,4,0.0,0.00399027399999996,951
C130,last_byte_terminator,1,equivalent,equivalent,3,2,1,1,sat,sat,same_inputs,null,4,4,0.0,0.0,956
C131,allocation_without_terminator,1,equivalent,equivalent,3,2,1,1,sat,sat,same_inputs,null,4,4,0.0,0.0041153090000003445,983
C132,last_byte_terminator,1,equivalent,equivalent,3,2,1,1,sat,sat,same_inputs,null,4,4,0.0,0.0,1020
C133,allocation_without_terminator,1,equivalent,equivalent,3,2,1,1,sat,sat,same_inputs,null,4,4,0.0,0.0038848859999998098,1047
C134,depth_boundary,1,equivalent,equivalent,3,2,1,1,sat,sat,same_inputs,null,4,4,0.0,0.0,9402
C135,erasure_feasibility,1,different,different,3,2,1,1,sat,unsat,different_inputs,[1],4,4,0.0,0.0,995
C136,terminator_feasibility,2,different,different,5,3,2,2,sat,unsat,different_inputs,"[0,0]",7,7,0.0,0.0036672879999999353,1082
C137,signed_feasibility,2,different,different,7,4,2,3,sat,unsat,different_inputs,"[0,128]",9,9,0.0,0.00428424500000002,1640
C138,cache_feasibility,1,different,different,3,2,1,1,sat,unsat,different_inputs,[1],4,4,0.0,0.0,1371
C139,long_length,8,equivalent,equivalent,17,9,8,8,sat,sat,same_inputs,null,25,25,0.003715763000000205,0.011996055000000005,2156
C140,length_as_search,8,equivalent,equivalent,17,9,8,8,sat,sat,same_inputs,null,25,25,0.0,0.012006346000000168,2170
C141,long_copy,8,equivalent,equivalent,17,9,8,8,sat,sat,same_inputs,null,25,25,0.004017558000000143,0.011974594999999866,2414
C142,bounded_extension,8,equivalent,equivalent,17,9,8,8,sat,sat,same_inputs,null,25,25,0.0,0.016357236999999802,2593
C143,long_parity_mask,8,equivalent,equivalent,19,10,8,9,sat,sat,same_inputs,null,27,27,0.003643687000000284,0.01199787600000013,2527
C144,long_tail_feasibility,8,different,different,17,9,8,8,sat,unsat,different_inputs,"[1,0,0,0,0,0,0,0]",25,25,0.004003723999999931,0.00799950100000002,2431
C145,long_length,16,equivalent,equivalent,33,17,16,16,sat,sat,same_inputs,null,49,49,0.0,0.043996788999999925,3911
C146,length_as_search,16,equivalent,equivalent,33,17,16,16,sat,sat,same_inputs,null,49,49,0.00400275799999994,0.03199427500000018,3925
C147,long_copy,16,equivalent,equivalent,33,17,16,16,sat,sat,same_inputs,null,49,49,0.008004806999999836,0.03194400799999997,4169
C148,bounded_extension,16,equivalent,equivalent,33,17,16,16,sat,sat,same_inputs,null,49,49,0.008010255999999938,0.03639561200000019,4350
C149,long_parity_mask,16,equivalent,equivalent,35,18,16,17,sat,sat,same_inputs,null,51,51,0.011597606999999677,0.04016415300000009,4297
C150,long_tail_feasibility,16,different,different,33,17,16,16,sat,unsat,different_inputs,"[1,0,0,0,0,0,0,0,0,0,0,0,0,0,0,0]",49,49,0.0038371340000002974,0.035983150999999935,4196
C151,long_length,24,equivalent,equivalent,49,25,24,24,sat,sat,same_inputs,null,73,73,0.007995950999999835,0.09600456800000012,5927
C152,length_as_search,24,equivalent,equivalent,49,25,24,24,sat,sat,same_inputs,null,73,73,0.011997742999999783,0.09598187600000019,5941
C153,long_copy,24,equivalent,equivalent,49,25,24,24,sat,sat,same_inputs,null,73,73,0.007998397000000157,0.08800392399999968,6185
C154,bounded_extension,24,equivalent,equivalent,49,25,24,24,sat,sat,same_inputs,null,73,73,0.007996974000000101,0.08800034700000037,6366
C155,long_parity_mask,24,equivalent,equivalent,51,26,24,25,sat,sat,same_inputs,null,75,75,0.011997209999999647,0.09199180600000023,6329
C156,long_tail_feasibility,24,different,different,49,25,24,24,sat,unsat,different_inputs,"[1,0,0,0,0,0,0,0,0,0,0,0,0,0,0,0,0,0,0,0,0,0,0,0]",73,73,0.007996045999999701,0.08796153100000037,6220
C157,long_length,32,equivalent,equivalent,65,33,32,32,sat,sat,same_inputs,null,97,97,0.011997546999999997,0.16400905600000026,8199
C158,length_as_search,32,equivalent,equivalent,65,33,32,32,sat,sat,same_inputs,null,97,97,0.011987264000000053,0.15195031099999934,8213
C159,long_copy,32,equivalent,equivalent,65,33,32,32,sat,sat,same_inputs,null,97,97,0.011991651000000658,0.1640007419999998,8457
C160,bounded_extension,32,equivalent,equivalent,65,33,32,32,sat,sat,same_inputs,null,97,97,0.011984446999999676,0.15197038700000043,8638
C161,long_parity_mask,32,equivalent,equivalent,67,34,32,33,sat,sat,same_inputs,null,99,99,0.015994227000000194,0.16828725199999983,8617
C162,long_tail_feasibility,32,different,different,65,33,32,32,sat,unsat,different_inputs,"[1,0,0,0,0,0,0,0,0,0,0,0,0,0,0,0,0,0,0,0,0,0,0,0,0,0,0,0,0,0,0,0]",97,97,0.01164195800000023,0.17216776199999995,8500
C163,long_compare,8,equivalent,equivalent,139,85,24,12,sat,sat,same_inputs,null,163,163,0.015794520000000034,0.07998526100000003,13075
C164,long_compare,16,equivalent,equivalent,773,489,80,24,sat,sat,same_inputs,null,853,853,0.09593583299999953,0.7439154700000001,77226
C165,long_compare,24,equivalent,equivalent,2287,1469,168,36,sat,sat,same_inputs,null,2455,2455,0.3468123329999999,3.2915490480000003,252295
C166,long_compare,32,equivalent,equivalent,5065,3281,288,48,sat,sat,same_inputs,null,5353,5353,0.8358884100000008,10.333824312,612771
