citation_key,title,year,venue,persistent_identifier_or_official_url,metadata_authority,access_date,verification_scope,role_in_paper,cited_in_main_tex
cleaveland2026,Integrating String Reasoning in Symbolic Execution of {C} Programs,2026,Tools and Algorithms for the Construction and Analysis of Systems,https://doi.org/10.1007/978-3-032-22749-2_8,Springer publication metadata / DOI record,2026-09-16,bibliographic metadata checked and substantive full-text sections read,"string solving, certification, or hybrid representation",yes
trabish2026,Enhancing Symbolic Execution with Machine-Checked Safety Proofs,2026,Proceedings of the 15th ACM SIGPLAN International Conference on Certified Programs and Proofs,https://doi.org/10.1145/3779031.3779089,ACM publication metadata / DOI record,2026-09-16,bibliographic metadata checked and substantive full-text sections read,"proof carrying code, validation, and verified translation",yes
cpc2026,The Cooperating Proof Calculus: Comprehensive Proofs for an {SMT} Solver,2026,Computer Aided Verification,https://doi.org/10.1007/978-3-032-32526-6_9,Springer publication metadata / DOI record,2026-09-16,bibliographic metadata checked and substantive full-text sections read,"SMT architecture, solver, proof format, or checker",yes
ethos2026,Ethos: A Fast Proof Checker for the Eunoia Logical Framework,2026,Automated Reasoning,https://doi.org/10.1007/978-3-032-32589-1_19,Springer publication metadata / DOI record,2026-09-16,bibliographic metadata checked and substantive full-text sections read,"SMT architecture, solver, proof format, or checker",yes
parthasarathy2024,Towards Trustworthy Automated Program Verifiers: Formally Validating Translations into an Intermediate Verification Language,2024,Proceedings of the ACM on Programming Languages,https://doi.org/10.1145/3656438,ACM publication metadata / DOI record,2026-09-16,bibliographic metadata checked and substantive full-text sections read,"proof carrying code, validation, and verified translation",yes
barthe2011,An Abstract Model of Certificate Translation,2011,ACM Transactions on Programming Languages and Systems,https://doi.org/10.1145/1985342.1985344,ACM publication metadata / DOI record,2026-09-16,bibliographic metadata checked and substantive full-text sections read,"proof carrying code, validation, and verified translation",yes
hoare1972,Proof of Correctness of Data Representations,1972,Acta Informatica,https://doi.org/10.1007/BF00289507,Springer publication metadata / DOI record,2026-09-16,bibliographic metadata checked and substantive full-text sections read,representation independence / semantic abstraction,yes
banerjee2023,A Relational Program Logic with Data Abstraction and Dynamic Framing,2023,ACM Transactions on Programming Languages and Systems,https://doi.org/10.1145/3551497,ACM publication metadata / DOI record,2026-09-16,bibliographic metadata checked and substantive full-text sections read,representation independence / semantic abstraction,yes
king1976,Symbolic Execution and Program Testing,1976,Communications of the ACM,https://doi.org/10.1145/360248.360252,ACM publication metadata / DOI record,2026-09-16,bibliographic metadata checked and substantive full-text sections read,"symbolic-execution foundation, system, or survey",yes
godefroid2005,{DART}: Directed Automated Random Testing,2005,Proceedings of the ACM SIGPLAN Conference on Programming Language Design and Implementation,https://doi.org/10.1145/1065010.1065036,ACM publication metadata / DOI record,2026-09-16,bibliographic metadata checked against publisher or official proceedings record,"symbolic-execution foundation, system, or survey",yes
sen2005,{CUTE}: A Concolic Unit Testing Engine for {C},2005,Proceedings of the 10th European Software Engineering Conference and 13th ACM SIGSOFT Symposium on the Foundations of Software Engineering,https://doi.org/10.1145/1081706.1081750,ACM publication metadata / DOI record,2026-09-16,bibliographic metadata checked against publisher or official proceedings record,"symbolic-execution foundation, system, or survey",yes
cadar2008,{KLEE}: Unassisted and Automatic Generation of High-Coverage Tests for Complex Systems Programs,2008,8th USENIX Symposium on Operating Systems Design and Implementation,https://www.usenix.org/legacy/event/osdi08/tech/full_papers/cadar/cadar.pdf,USENIX official proceedings page,2026-09-16,bibliographic metadata checked against publisher or official proceedings record,"symbolic-execution foundation, system, or survey",yes
poeplau2020,"Symbolic Execution with {SymCC}: Don't Interpret, Compile!",2020,29th USENIX Security Symposium,https://www.usenix.org/conference/usenixsecurity20/presentation/poeplau,USENIX official proceedings page,2026-09-16,bibliographic metadata checked against publisher or official proceedings record,"symbolic-execution foundation, system, or survey",yes
yun2018,{QSYM}: A Practical Concolic Execution Engine Tailored for Hybrid Fuzzing,2018,27th USENIX Security Symposium,https://www.usenix.org/conference/usenixsecurity18/presentation/yun,USENIX official proceedings page,2026-09-16,bibliographic metadata checked against publisher or official proceedings record,"symbolic-execution foundation, system, or survey",yes
kiezun2009,{HAMPI}: A Solver for String Constraints,2009,Proceedings of the Eighteenth International Symposium on Software Testing and Analysis,https://doi.org/10.1145/1572272.1572286,ACM publication metadata / DOI record,2026-09-16,bibliographic metadata checked against publisher or official proceedings record,"string solving, certification, or hybrid representation",yes
bjorner2009,Path Feasibility Analysis for String-Manipulating Programs,2009,Tools and Algorithms for the Construction and Analysis of Systems,https://doi.org/10.1007/978-3-642-00768-2_27,Springer publication metadata / DOI record,2026-09-16,bibliographic metadata checked against publisher or official proceedings record,"string solving, certification, or hybrid representation",yes
abdulla2014,String Constraints for Verification,2014,Computer Aided Verification,https://doi.org/10.1007/978-3-319-08867-9_10,Springer publication metadata / DOI record,2026-09-16,bibliographic metadata checked against publisher or official proceedings record,"string solving, certification, or hybrid representation",yes
zheng2017,"{Z3str2}: An Efficient Solver for Strings, Regular Expressions, and Length Constraints",2017,Formal Methods in System Design,https://doi.org/10.1007/s10703-016-0263-6,Springer publication metadata / DOI record,2026-09-16,bibliographic metadata checked against publisher or official proceedings record,"string solving, certification, or hybrid representation",yes
chen2024,{Z3-Noodler}: An Automata-Based String Solver,2024,Tools and Algorithms for the Construction and Analysis of Systems,https://doi.org/10.1007/978-3-031-57246-3_2,Springer publication metadata / DOI record,2026-09-16,bibliographic metadata checked against publisher or official proceedings record,"string solving, certification, or hybrid representation",yes
necula1997,Proof-Carrying Code,1997,Proceedings of the 24th ACM SIGPLAN-SIGACT Symposium on Principles of Programming Languages,https://doi.org/10.1145/263699.263712,ACM publication metadata / DOI record,2026-09-16,bibliographic metadata checked and substantive full-text sections read,"proof carrying code, validation, and verified translation",yes
pnueli1998,Translation Validation,1998,Tools and Algorithms for the Construction and Analysis of Systems,https://doi.org/10.1007/BFb0054170,Springer publication metadata / DOI record,2026-09-16,bibliographic metadata checked and substantive full-text sections read,"proof carrying code, validation, and verified translation",yes
leroy2009,Formal Verification of a Realistic Compiler,2009,Communications of the ACM,https://doi.org/10.1145/1538788.1538814,ACM publication metadata / DOI record,2026-09-16,bibliographic metadata checked and substantive full-text sections read,"proof carrying code, validation, and verified translation",yes
klein2006,"A Machine-Checked Model for a {Java}-Like Language, Virtual Machine, and Compiler",2006,ACM Transactions on Programming Languages and Systems,https://doi.org/10.1145/1146809.1146811,ACM publication metadata / DOI record,2026-09-16,bibliographic metadata checked and substantive full-text sections read,language transformation / semantic calibration,yes
kalvala2009,Program Transformations Using Temporal Logic Side Conditions,2009,ACM Transactions on Programming Languages and Systems,https://doi.org/10.1145/1516507.1516509,ACM publication metadata / DOI record,2026-09-16,bibliographic metadata checked and substantive full-text sections read,language transformation / semantic calibration,yes
aiken1995,Safe: A Semantic Technique for Transforming Programs in the Presence of Errors,1995,ACM Transactions on Programming Languages and Systems,https://doi.org/10.1145/200994.201002,ACM publication metadata / DOI record,2026-09-16,bibliographic metadata checked and substantive full-text sections read,language transformation / semantic calibration,yes
menon2003,Fractal Symbolic Analysis,2003,ACM Transactions on Programming Languages and Systems,https://doi.org/10.1145/945885.945888,ACM publication metadata / DOI record,2026-09-16,bibliographic metadata checked and substantive full-text sections read,language transformation / semantic calibration,yes
divincenzo2025,Gradual {C0}: Symbolic Execution for Gradual Verification,2025,ACM Transactions on Programming Languages and Systems,https://doi.org/10.1145/3704808,ACM publication metadata / DOI record,2026-09-16,bibliographic metadata checked and substantive full-text sections read,"symbolic-execution foundation, system, or survey",yes
cousot1977,Abstract Interpretation: A Unified Lattice Model for Static Analysis of Programs by Construction or Approximation of Fixpoints,1977,Proceedings of the 4th ACM SIGACT-SIGPLAN Symposium on Principles of Programming Languages,https://doi.org/10.1145/512950.512973,ACM publication metadata / DOI record,2026-09-16,bibliographic metadata checked and substantive full-text sections read,representation independence / semantic abstraction,yes
reynolds2022,cvc5: A Versatile and Industrial-Strength {SMT} Solver,2022,Tools and Algorithms for the Construction and Analysis of Systems,https://doi.org/10.1007/978-3-030-99524-9_24,Springer publication metadata / DOI record,2026-09-16,bibliographic metadata checked and substantive full-text sections read,"SMT architecture, solver, proof format, or checker",yes
stump2013,{SMT} Proof Checking Using a Logical Framework,2013,Formal Methods in System Design,https://doi.org/10.1007/s10703-012-0163-3,Springer publication metadata / DOI record,2026-09-16,bibliographic metadata checked against publisher or official proceedings record,"SMT architecture, solver, proof format, or checker",yes
schurr2021,Alethe: Towards a Generic {SMT} Proof Format,2021,Proceedings of the Workshop on Proof eXchange for Theorem Proving,https://doi.org/10.4204/EPTCS.336.6,EPTCS official proceedings / DOI record,2026-09-16,bibliographic metadata checked and substantive full-text sections read,"SMT architecture, solver, proof format, or checker",yes
mitchell1986,Representation Independence and Data Abstraction,1986,Proceedings of the 13th ACM SIGACT-SIGPLAN Symposium on Principles of Programming Languages,https://doi.org/10.1145/512644.512669,ACM publication metadata / DOI record,2026-09-16,bibliographic metadata checked against publisher or official proceedings record,representation independence / semantic abstraction,yes
benton2004,Simple Relational Correctness Proofs for Static Analyses and Program Transformations,2004,Proceedings of the 31st ACM SIGPLAN-SIGACT Symposium on Principles of Programming Languages,https://doi.org/10.1145/964001.964003,ACM publication metadata / DOI record,2026-09-16,bibliographic metadata checked against publisher or official proceedings record,representation independence / semantic abstraction,yes
ellison2012,An Executable Formal Semantics of {C} with Applications,2012,Proceedings of the 39th Annual ACM SIGPLAN-SIGACT Symposium on Principles of Programming Languages,https://doi.org/10.1145/2103656.2103719,ACM publication metadata / DOI record,2026-09-16,bibliographic metadata checked against publisher or official proceedings record,C semantics and memory-model boundary,yes
krebbers2016,A Formal {C} Memory Model for Separation Logic,2016,Journal of Automated Reasoning,https://doi.org/10.1007/s10817-016-9369-1,Springer publication metadata / DOI record,2026-09-16,bibliographic metadata checked against publisher or official proceedings record,C semantics and memory-model boundary,yes
memarian2016,Into the Depths of {C}: Elaborating the De Facto Standards,2016,Proceedings of the 37th ACM SIGPLAN Conference on Programming Language Design and Implementation,https://doi.org/10.1145/2908080.2908081,ACM publication metadata / DOI record,2026-09-16,bibliographic metadata checked against publisher or official proceedings record,C semantics and memory-model boundary,yes
cadar2013,Symbolic Execution for Software Testing: Three Decades Later,2013,Communications of the ACM,https://doi.org/10.1145/2408776.2408795,ACM publication metadata / DOI record,2026-09-16,bibliographic metadata checked against publisher or official proceedings record,"symbolic-execution foundation, system, or survey",yes
baldoni2018,A Survey of Symbolic Execution Techniques,2018,ACM Computing Surveys,https://doi.org/10.1145/3182657,ACM publication metadata / DOI record,2026-09-16,bibliographic metadata checked against publisher or official proceedings record,"symbolic-execution foundation, system, or survey",yes
trinh2014,{S3}: A Symbolic String Solver for Vulnerability Detection in Web Applications,2014,Proceedings of the 2014 ACM SIGSAC Conference on Computer and Communications Security,https://doi.org/10.1145/2660267.2660372,ACM publication metadata / DOI record,2026-09-16,bibliographic metadata checked against publisher or official proceedings record,"string solving, certification, or hybrid representation",yes
reynolds2017,Scaling Up {DPLL(T)} String Solvers Using Context-Dependent Simplification,2017,Computer Aided Verification,https://doi.org/10.1007/978-3-319-63390-9_24,Springer publication metadata / DOI record,2026-09-16,bibliographic metadata checked against publisher or official proceedings record,"string solving, certification, or hybrid representation",yes
berzish2017,{Z3str3}: A String Solver with Theory-Aware Heuristics,2017,2017 Formal Methods in Computer Aided Design,https://doi.org/10.23919/FMCAD.2017.8102241,IEEE publication metadata / DOI record,2026-09-16,bibliographic metadata checked against publisher or official proceedings record,"string solving, certification, or hybrid representation",yes
certistr2022,{CertiStr}: A Certified String Solver,2022,Proceedings of the 11th ACM SIGPLAN International Conference on Certified Programs and Proofs,https://doi.org/10.1145/3497775.3503691,ACM publication metadata / DOI record,2026-09-16,bibliographic metadata checked against publisher or official proceedings record,"string solving, certification, or hybrid representation",yes
kanlin2026,Certified Symbolic Finite Transducers: Formalization and Applications to String Analysis,2026,Proceedings of the 15th ACM SIGPLAN International Conference on Certified Programs and Proofs,https://doi.org/10.1145/3779031.3779094,ACM publication metadata / DOI record,2026-09-16,bibliographic metadata checked against publisher or official proceedings record,"string solving, certification, or hybrid representation",yes
nieuwenhuis2006,Solving {SAT} and {SAT} Modulo Theories: From an Abstract Davis--Putnam--Logemann--Loveland Procedure to {DPLL(T)},2006,Journal of the ACM,https://doi.org/10.1145/1217856.1217859,ACM publication metadata / DOI record,2026-09-16,bibliographic metadata checked against publisher or official proceedings record,"SMT architecture, solver, proof format, or checker",yes
demoura2008,{Z3}: An Efficient {SMT} Solver,2008,Tools and Algorithms for the Construction and Analysis of Systems,https://doi.org/10.1007/978-3-540-78800-3_24,Springer publication metadata / DOI record,2026-09-16,bibliographic metadata checked against publisher or official proceedings record,"SMT architecture, solver, proof format, or checker",yes
appel2001,Foundational Proof-Carrying Code,2001,Proceedings of the 16th Annual IEEE Symposium on Logic in Computer Science,https://doi.org/10.1109/LICS.2001.932501,IEEE publication metadata / DOI record,2026-09-16,bibliographic metadata checked against publisher or official proceedings record,"proof carrying code, validation, and verified translation",yes
leroy2006,"Formal Certification of a Compiler Back-End, or: Programming a Compiler with a Proof Assistant",2006,Proceedings of the 33rd ACM SIGPLAN-SIGACT Symposium on Principles of Programming Languages,https://doi.org/10.1145/1111037.1111042,ACM publication metadata / DOI record,2026-09-16,bibliographic metadata checked against publisher or official proceedings record,"proof carrying code, validation, and verified translation",yes
lopes2021,{Alive2}: Bounded Translation Validation for {LLVM},2021,Proceedings of the 42nd ACM SIGPLAN International Conference on Programming Language Design and Implementation,https://doi.org/10.1145/3453483.3454030,ACM publication metadata / DOI record,2026-09-16,bibliographic metadata checked against publisher or official proceedings record,"proof carrying code, validation, and verified translation",yes
